Model,Accuracy,Precision,Recall,F1-Score
CNN,0.9851253718657034,0.2,0.06896551724137931,0.10256410256410256
LSTM,0.9868253293667658,0.0,0.0,0.0
CNN-LSTM,0.9864003399915002,0.0,0.0,0.0
